<?xml version="1.0"?>

<templates>

	<group label="Basic" icon="images/star_blue.png" docIcon="images/document_plain_blue.png">
	 	<template label="Standard XML document" help="Create an empty XML document" type="XML" location="template/template.xml" system="true"/>
	</group>

	<group label="Schema" icon="images/star_red.png" docIcon="images/document_plain_red.png">
		 <template label="DTD" type="DTD" help="Create a new Document Type Definition" location="template/template.dtd" system="true"/>
		 <template label="W3C XML Schema" type="XSD" help="Create a new XSD Schema" location="template/template.schema" system="true"/>
		 <template label="XML RelaxNG Schema" type="RNG" help="Create a new RelaxNG schema" location="template/template.rng" system="true"/>			
	</group>

	<group label="Transformation" icon="images/star_green.png" docIcon="images/document_plain_green.png">
		 <template label="XSLT 1.0/HTML" type="XSLT" help="Create a new XSLT 1.0 document with HTML output" location="template/template.xslhtml" system="true"/>
		 <template label="XSLT 1.0/XSL-FO" type="XSLT" help="Create a new XSLT 1.0 document with XSL-FO output" location="template/template.xslfo" system="true"/>
		 <template label="XSLT 1.0/XML" type="XSLT" help="Create a new XSLT 1.0 document with XML output" location="template/template.xslxml" system="true"/>
		 <template label="XSLT 2.0/XML" type="XSLT2" help="Create a new XSLT 2.0 document with XML output" location="template/template.xsl2xml" system="true"/>
		 <template label="XSLT 3.0/XML" type="XSLT3" help="Create a new XSLT 3.0 document with XML output" location="template/template.xsl3xml" system="true"/>		 
		 <template label="XQuery" type="XQR" help="Create a new XQuery document" location="template/template.xqr" system="true"/>	
	</group>

	<group label="Publishing" icon="images/star_orange.png" docIcon="images/document_plain_yellow.png">
 		<template label="XSL-FO" type="FO" help="Create a new XSL-FO document" location="template/template.fo" system="true"/>
		<template label="SVG 1.0" help="Create a new Scalable Vector Graphics document" type="SVG" location="template/template.svg" system="true"/>
 		<template label="Math ML 1.0" type="MML" help="Create a new MathML document" location="template/template.ml" system="true"/> 		
 	</group>

 	<group label="Web" icon="images/star_yellow.png" docIcon="images/document_plain_yellow.png">
 	 	<template label="CSS" type="CSS" help="Create a new Cascading Style Sheets document" location="template/template.css" system="true"/>
		<template label="XHTML 1.0" help="Create a new XHTML document" type="XHTML" location="template/template.xhtml" system="true"/>
		<template label="HTML 4.0" help="Create a new HTML 4.0 document" type="HTML" location="template/template.html" system="true"/>
		<template label="HTML 5.0" help="Create a new HTML 5.0 document" type="HTML" location="template/template.html5" system="true"/>		
 	</group>

	<group label="Document" icon="images/star_blue2.png" docIcon="images/document_plain_blue.png">	
	 	<template label="DocBook 4.0" type="DOCBOOK" help="Create a a new DocBook document for a book output" location="template/template.docbook" system="true"/>
		<template label="TEI P4 Lite" type="TEIL" help="Create a new TEI P4 Lite document" location="template/template.teil" system="true"/>
	 	<template label="TEI P5" type="TEI" help="Create a new TEI P5 document" location="template/template.tei5" system="true"/>
	 	<template label="DITA" type="XML" help="Create a new DITA document" location="template/template.dita" system="true"/> 	
 	</group>

 	<group label="Form" icon="images/star_pink.png" docIcon="images/document_plain.png">
		<template label="EditiX XML Form Editor" type="XXF" help="Create a new XML document using the EditiX Form Editor" location="template/template.xxf" system="true"/>
 		<template label="EditiX XML Form Designer" type="EXF" help="Create a new Form for your XML documents" location="template/template.exf" system="true"/> 	
 	</group>

 	<group label="Tools" icon="images/wrench.png" docIcon="images/document_plain.png">
		 <template label="OASIS XML Catalog" type="XML" help="Create a new XML Catalog for locating your schema" location="template/template.cat" system="true"/>
		 <template label="XML Scenario" type="XSC" help="Create a new XML scenario for automatic tasks" location="template/template.xsc" system="true"/>
		 <template label="ANT" type="ANT" help="Create a new Ant document" location="template/template.ant" system="true"/>
		 <template label="WSDL 1.1" type="WSDL" help="Create a new WSDL v1.1 document" location="template/template.wsdl" system="true"/> 	
 	</group>
 	
  	<group label="Special" icon="images/gear.png" docIcon="images/document_gear.png">
		 <template label="Very large XML" type="EXML" help="Create a very large XML document" location="template/template.xml" system="true"/> 
		 <template label="Text" type="TEXT" location="template/template.txt" help="" system="true"/>
  	</group>

	<group label="User" icon="images/user.png" docIcon="images/document_plain.png">
	</group>


</templates>
